Cities,Cloudiness,Country,Date,Humidity,Latitude,Longitude,Max Temperature (K),Wind Speed
Sao Miguel do Araguaia,38,BR,1569534201,29,-13.28,-50.16,307.333,3.05
Albany,90,US,1569534115,82,42.65,-73.75,290.37,2.1
Verkhnevilyuysk,17,RU,1569534306,93,63.45,120.31,271.943,2.0
Rafaela,63,AR,1569534306,25,-31.25,-61.49,300.93,1.34
Arlit,0,NE,1569534306,9,18.74,7.39,308.813,2.91
Vaini,100,IN,1569534307,95,15.34,74.49,296.673,1.39
Usvyaty,0,RU,1569534307,83,55.75,30.75,276.373,0.61
Arraial do Cabo,90,BR,1569534307,94,-22.97,-42.02,293.15,3.6
Narsaq,3,GL,1569534307,52,60.91,-46.05,281.15,2.6
Wanaka,100,NZ,1569534308,64,-44.7,169.14,284.26,2.61
Ushuaia,40,AR,1569534042,61,-54.81,-68.31,282.15,3.1
Rikitea,100,PF,1569534308,68,-23.12,-134.97,295.073,3.57
Qaanaaq,100,GL,1569534308,97,77.48,-69.36,272.113,6.48
Busselton,0,AU,1569534308,66,-33.64,115.35,284.26,6.21
Lazaro Cardenas,40,MX,1569534308,42,28.39,-105.62,301.15,3.6
Bethel,90,US,1569534309,81,60.79,-161.76,282.15,7.2
Yar-Sale,37,RU,1569534309,92,66.83,70.83,273.113,2.32
Beringovskiy,81,RU,1569534309,93,63.05,179.32,279.913,2.08
Saskylakh,91,RU,1569534310,97,71.97,114.09,272.293,2.74
Severo-Kurilsk,100,RU,1569534310,82,50.68,156.12,280.863,13.01
Punta Arenas,0,CL,1569534310,62,-53.16,-70.91,284.15,8.7
Souillac,90,FR,1569534311,88,45.6,-0.6,290.93,3.6
Nangavalli,47,IN,1569534311,93,11.76,77.89,293.943,0.63
Cabo San Lucas,5,MX,1569534311,58,22.89,-109.91,305.93,5.7
Ranfurly,100,CA,1569534311,87,53.41,-111.68,280.193,4.46
Cam Ranh,20,VN,1569534312,69,11.92,109.15,300.15,3.1
Jamestown,21,AU,1569534312,29,-33.21,138.6,285.613,3.9
Vidim,0,CZ,1569534312,77,50.47,14.53,288.71,2.6
Mayumba,100,GA,1569534312,91,-3.44,10.65,297.823,4.83
Nova Mayachka,86,UA,1569534313,84,46.6,33.23,282.963,2.67
Vanimo,44,PG,1569534313,78,-2.67,141.3,300.353,2.97
Manokwari,98,ID,1569534313,76,-0.87,134.08,295.743,2.27
Dukat,66,AL,1569534313,88,40.25,19.57,294.82,0.45
Veracruz,20,EC,1569534313,27,-3.97,-79.57,304.15,5.7
Mar del Plata,80,AR,1569534313,29,-46.43,-67.52,290.603,8.76
Gravelbourg,100,CA,1569534160,76,49.88,-106.56,281.553,4.16
Mataura,94,NZ,1569534314,92,-46.19,168.86,282.59,4.47
Oliveira dos Brejinhos,0,BR,1569534314,23,-12.32,-42.89,300.683,1.37
Bredasdorp,0,ZA,1569534314,66,-34.53,20.04,288.71,0.86
Leningradskiy,99,RU,1569534314,77,69.38,178.42,270.783,6.47
Atuona,95,PF,1569534314,74,-9.8,-139.03,299.713,7.54
Tasiilaq,44,GL,1569534315,86,65.61,-37.64,277.15,6.2
Brae,100,GB,1569534315,100,60.4,-1.35,285.15,10.3
Imbituba,40,BR,1569534315,88,-28.24,-48.67,293.15,4.6
Walvis Bay,40,NA,1569534315,93,-22.95,14.51,287.15,3.1
Hofn,100,IS,1569534315,98,64.25,-15.21,277.843,3.81
Port Alfred,0,ZA,1569534315,77,-33.59,26.89,288.71,2.16
Krasnyy Gulyay,75,RU,1569534316,75,54.03,48.33,278.15,4.0
Tyukhtet,46,RU,1569534316,82,56.54,89.31,272.223,2.07
Kahului,40,US,1569534316,58,20.89,-156.47,304.15,8.2
Saint-Philippe,1,CA,1569534316,93,45.36,-73.48,290.37,1.5
Pehowa,0,IN,1569534317,90,29.98,76.58,296.863,3.45
Kieta,0,PG,1569534317,79,-6.22,155.63,300.273,1.85
Chokurdakh,62,RU,1569534317,94,70.62,147.9,268.673,5.01
Atambua,0,ID,1569534317,76,-9.11,124.89,297.733,3.7
Asyut,0,EG,1569534317,42,27.18,31.19,301.15,2.1
Mayma,18,RU,1569534318,84,52.0,85.9,274.833,1.75
Wakkanai,0,JP,1569534318,71,45.41,141.67,288.653,3.78
Umm Bab,1,QA,1569534318,66,25.21,50.81,306.15,2.6
Lata,22,IN,1569534318,92,30.78,78.62,275.703,0.92
Yellowknife,75,CA,1569534318,64,62.45,-114.38,276.15,6.7
Qesarya,0,IL,1569534318,78,32.52,34.9,298.15,2.1
Bella Vista,0,AR,1569534319,19,-27.03,-65.31,306.15,8.7
Kavaratti,100,IN,1569534319,82,10.57,72.64,299.873,7.3
Hamilton,75,CA,1569534224,45,43.26,-79.87,294.26,7.2
Mahajanga,0,MG,1569534319,69,-15.72,46.32,297.15,0.5
Hilo,40,US,1569534319,62,19.71,-155.08,304.15,4.1
Kavieng,18,PG,1569534320,74,-2.57,150.8,302.053,5.57
Geraldton,75,CA,1569534189,50,49.72,-86.95,286.15,6.2
Coos Bay,75,US,1569534230,77,43.37,-124.22,297.59,5.1
San Patricio,0,PY,1569534320,50,-26.98,-56.83,296.473,2.2
Ventnor City,40,US,1569534320,74,39.34,-74.48,299.82,6.7
Lufilufi,100,WS,1569534320,94,-13.87,-171.6,298.15,6.88
Yulara,2,AU,1569534321,50,-25.24,130.99,286.15,1.5
Hermanus,0,ZA,1569534321,57,-34.42,19.24,294.26,1.34
Khatanga,100,RU,1569534321,97,71.98,102.47,273.523,4.24
Dikson,100,RU,1569534321,92,73.51,80.55,274.793,3.7
Mahebourg,40,MU,1569534322,88,-20.41,57.7,296.15,3.1
Namatanai,53,PG,1569534322,78,-3.66,152.44,299.653,3.78
Darhan,24,MN,1569534322,88,49.49,105.92,283.253,0.86
Kodiak,1,US,1569534322,38,39.95,-94.76,298.15,3.6
Anori,83,BR,1569534323,55,-3.74,-61.66,304.283,2.92
Gigmoto,67,PH,1569534323,74,13.78,124.39,300.723,1.8
Rehoboth,16,NA,1569534323,21,-23.31,17.08,286.973,6.19
Hobart,75,AU,1569534312,54,-42.88,147.33,287.59,3.6
Sao Gabriel da Cachoeira,100,BR,1569534323,59,-0.13,-67.09,304.593,0.84
Muros,75,ES,1569534324,93,42.77,-9.06,292.04,3.1
Sao Joao da Barra,90,BR,1569534324,94,-21.64,-41.05,293.15,0.78
Longyearbyen,100,NO,1569534324,97,78.22,15.63,275.293,4.09
Nikolayevka,96,RU,1569534324,82,46.73,38.57,287.133,6.98
Synya,100,RU,1569534325,98,65.37,58.04,274.763,1.32
Krasnovishersk,100,RU,1569534325,97,60.4,57.08,273.453,3.71
Zhanakorgan,100,KZ,1569534325,25,43.91,67.25,291.513,3.84
Georgetown,20,GY,1569534175,74,6.8,-58.16,302.15,4.1
Udachnyy,90,RU,1569534325,84,66.42,112.4,273.15,2.0
Itoman,20,JP,1569534326,88,26.12,127.67,300.15,3.1
Rio Gallegos,0,AR,1569534326,30,-51.62,-69.22,286.15,1.5
Hithadhoo,100,MV,1569534326,80,-0.6,73.08,300.833,9.46
Zeya,0,RU,1569534326,95,53.74,127.27,277.113,1.22
Gamba,100,CN,1569534326,63,28.28,88.52,276.233,1.36
Komsomolskiy,95,RU,1569534327,96,67.55,63.78,272.253,2.49
Riyadh,0,SA,1569534327,37,24.63,46.72,302.15,1.0
Ostrovnoy,83,RU,1569534327,90,68.05,39.51,276.263,5.34
Dawei,100,MM,1569534327,77,14.07,98.19,300.303,4.33
Tuktoyaktuk,75,CA,1569534327,86,69.44,-133.03,276.15,10.8
Butaritari,43,KI,1569534328,74,3.07,172.79,301.873,5.25
Bubaque,30,GW,1569534328,77,11.28,-15.83,300.973,3.53
Rome,0,IT,1569533860,88,41.89,12.48,294.26,2.1
Cape Town,0,ZA,1569534134,72,-33.93,18.42,296.48,1.5
San Carlos de Bariloche,100,AR,1569534328,35,-41.13,-71.31,290.93,0.45
Liepaja,0,LV,1569534329,100,56.52,21.02,283.15,1.5
Kununurra,75,AU,1569534329,83,-15.77,128.74,295.15,1.5
Sobolevo,2,RU,1569534329,76,54.43,31.9,277.483,1.83
Cardston,1,CA,1569534329,50,49.2,-113.32,290.15,11.3
Yagodnoye,0,RU,1569534330,67,62.52,149.63,267.693,1.16
Kapaa,40,US,1569534330,74,22.08,-159.32,303.15,6.7
Barrow,0,AR,1569534330,55,-38.31,-60.23,287.863,6.06
Puerto Ayora,75,EC,1569534139,65,-0.74,-90.35,298.15,6.7
Teya,75,MX,1569534330,66,21.05,-89.07,306.15,4.1
Kaitangata,86,NZ,1569534330,58,-46.28,169.85,285.37,4.47
Tual,93,ID,1569534331,85,-5.67,132.75,298.803,9.11
Spisska Nova Ves,20,SK,1569534331,93,48.94,20.56,284.82,2.6
College,90,US,1569534331,86,64.86,-147.8,279.26,2.6
San Vicente,75,EC,1569534331,74,-0.59,-80.41,299.15,4.1
Tambovka,73,RU,1569534332,48,47.32,47.38,281.713,2.02
Abalak,0,NE,1569534332,18,15.46,6.28,307.023,0.77
Dingle,2,PH,1569534332,90,11.0,122.67,295.983,1.4
Seminole,1,US,1569534332,24,32.72,-102.64,307.59,2.6
Lerwick,100,GB,1569534332,100,60.15,-1.15,285.15,2.6
Ahuimanu,40,US,1569534333,66,21.44,-157.84,302.59,4.1
Lagoa,0,PT,1569534333,68,37.14,-8.45,294.82,3.1
Santa Rosa,42,AR,1569534333,25,-36.62,-64.29,301.163,6.72
Juneau,75,US,1569534033,81,58.3,-134.42,283.15,4.6
Avarua,37,CK,1569534333,83,-21.21,-159.78,298.15,2.6
Carnarvon,0,ZA,1569534333,20,-30.97,22.13,286.553,1.72
Hay River,90,CA,1569534334,80,60.82,-115.79,278.15,2.1
Shimoda,0,JP,1569534334,94,34.7,138.93,293.71,2.24
Bluff,7,AU,1569534334,86,-23.58,149.07,289.703,4.89
Bathsheba,20,BB,1569534334,62,13.22,-59.52,303.15,5.1
Kondagaon,93,IN,1569534334,98,19.59,81.66,293.523,1.07
Rocha,0,UY,1569534335,73,-34.48,-54.34,287.153,2.83
Beloha,82,MG,1569534335,78,-25.17,45.06,292.853,8.97
Sur,79,OM,1569534335,63,22.57,59.53,301.393,3.13
Omsukchan,100,RU,1569534335,85,62.53,155.8,267.133,2.35
Westport,90,US,1569534336,100,41.14,-73.36,293.15,6.7
Lodi,21,IT,1569534336,93,45.31,9.5,293.15,2.1
Tuatapere,97,NZ,1569534336,92,-46.13,167.69,282.59,4.47
Stade,75,DE,1569534336,93,53.6,9.48,289.26,5.1
Sitka,100,US,1569534336,73,37.17,-99.65,294.82,2.68
Natal,20,BR,1569534053,78,-5.81,-35.21,299.15,6.2
Orchard Homes,90,US,1569534157,71,46.86,-114.05,288.15,2.6
Galveston,1,US,1569534224,35,40.58,-86.19,296.48,2.1
Kidal,0,ML,1569534337,8,18.44,1.41,306.853,4.06
Kruisfontein,0,ZA,1569534337,23,-34.0,24.73,290.863,2.25
Los Llanos de Aridane,90,ES,1569534337,83,28.66,-17.92,296.15,3.6
Quatre Cocos,40,MU,1569534337,88,-20.21,57.76,296.15,3.1
Hailar,89,CN,1569534338,34,49.2,119.7,288.163,4.19
Upernavik,100,GL,1569534338,57,72.79,-56.15,277.013,2.55
Codrington,90,AU,1569534338,93,-28.95,153.24,291.48,2.12
Huambo,96,AO,1569534338,41,-12.78,15.73,293.683,1.19
Vila Franca do Campo,75,PT,1569534338,94,37.72,-25.43,295.15,3.6
Cidreira,0,BR,1569534339,76,-30.17,-50.22,292.403,2.71
Petropavlovsk-Kamchatskiy,95,RU,1569534339,73,53.05,158.65,283.15,6.0
Kurumkan,100,RU,1569534339,92,54.33,110.32,275.923,0.16
Choix,0,MX,1569534339,44,26.71,-108.33,304.083,2.45
Dwarka,40,IN,1569534339,83,28.58,77.04,301.48,3.6
Provideniya,90,RU,1569534340,93,64.42,-173.23,281.15,8.0
Vao,7,EE,1569534340,93,59.1,26.19,280.033,2.17
Sabzevar,0,IR,1569534340,11,36.21,57.68,293.683,3.57
Srednekolymsk,100,RU,1569534340,81,67.46,153.71,270.133,2.72
Niquelandia,80,BR,1569534340,29,-14.47,-48.46,303.543,3.92
Kizukuri,56,JP,1569534341,71,40.81,140.39,291.48,0.89
Sovetskiy,96,RU,1569534341,89,56.76,48.47,276.003,3.91
Nishihara,1,JP,1569534341,93,35.74,139.53,294.82,0.6
Lorengau,17,PG,1569534341,82,-2.02,147.27,300.163,3.7
Saint George,20,GR,1569534341,88,39.45,22.34,293.15,2.71
Bandarbeyla,35,SO,1569534341,73,9.49,50.81,297.953,7.9
Raton,1,US,1569534342,20,36.9,-104.44,304.26,3.1
Myrtle Beach,1,US,1569534141,69,33.7,-78.89,304.15,4.1
Sabya,0,SA,1569534342,75,17.15,42.62,305.15,1.5
Kupang,0,ID,1569534342,76,-10.16,123.6,297.083,4.04
Lasa,0,CY,1569534342,83,34.92,32.53,297.15,3.1
Bartica,40,GY,1569534342,94,6.41,-58.62,297.15,6.2
Shingu,26,JP,1569534343,97,33.72,135.99,290.883,2.06
Bambous Virieux,40,MU,1569534343,88,-20.34,57.76,296.15,3.1
Abu Samrah,0,SY,1569534343,81,35.3,37.18,292.473,3.03
Basco,1,US,1569534343,40,40.33,-91.2,297.59,1.5
Half Moon Bay,1,US,1569534344,68,37.46,-122.43,302.04,8.2
Iqaluit,20,CA,1569534342,80,63.75,-68.52,277.15,4.1
Portobelo,40,PA,1569534344,78,9.55,-79.65,302.04,4.6
Hasaki,20,JP,1569534344,100,35.73,140.83,289.26,0.5
Ambajogai,100,IN,1569534344,87,18.73,76.39,296.593,5.85
Parana,20,BR,1569534345,46,-7.52,-72.89,307.15,1.0
Cedar City,20,US,1569534068,27,37.68,-113.06,298.15,5.7
Lebu,26,ET,1569534345,80,8.96,38.73,285.403,2.06
Pangnirtung,20,CA,1569534345,28,66.15,-65.72,287.15,5.7
Turka,34,RU,1569534345,87,52.95,108.22,283.943,1.89
Port Lincoln,4,AU,1569534345,83,-34.72,135.86,286.693,9.21
Lahaina,20,US,1569534346,55,20.87,-156.68,305.15,3.1
Esperance,90,AU,1569534346,100,-33.86,121.89,284.15,2.1
Chuy,54,UY,1569534346,69,-33.69,-53.46,287.543,3.97
Soyo,7,AO,1569534346,86,-6.13,12.37,297.543,2.73
Belmonte,0,PT,1569534346,89,40.36,-7.35,288.15,1.21
San Rafael,15,AR,1569534347,16,-34.61,-68.33,301.903,7.78
Nome,1,US,1569534347,49,30.04,-94.42,305.37,1.62
Luderitz,100,NA,1569534347,38,-26.65,15.16,296.15,2.6
Labuhan,100,ID,1569534347,95,-2.54,115.51,294.703,0.6
Puerto El Triunfo,75,SV,1569534347,74,13.27,-88.55,303.15,4.1
Soe,0,EE,1569534347,93,57.91,26.05,276.48,1.0
Sheltozero,100,RU,1569534348,90,61.37,35.37,279.933,3.24
Magdagachi,13,RU,1569534348,98,53.45,125.8,279.843,3.37
Sarila,100,IN,1569534348,91,25.77,79.68,298.053,3.61
Nikolskoye,90,RU,1569534348,81,59.7,30.79,282.04,2.0
Majene,100,ID,1569534348,80,-3.54,118.97,300.223,10.23
Ribeira Grande,0,PT,1569534349,88,38.52,-28.7,295.673,4.57
Strezhevoy,0,RU,1569534349,95,60.73,77.6,276.15,4.0
Snezhnogorsk,75,RU,1569534349,93,69.19,33.23,278.15,1.0
Corsicana,1,US,1569534168,36,32.09,-96.46,308.15,2.1
Ithaca,40,US,1569534124,68,42.44,-76.5,293.71,2.1
Thompson,75,CA,1569534286,48,55.74,-97.86,279.15,5.7
Torbay,90,CA,1569534350,100,47.66,-52.73,284.82,7.2
Saint-Georges,100,CA,1569534350,97,46.12,-70.67,285.93,4.17
Mirante do Paranapanema,20,BR,1569534350,44,-22.29,-51.91,298.15,1.0
Luganville,75,VU,1569534350,83,-15.51,167.18,298.15,6.2
Concordia,5,AR,1569534350,33,-31.4,-58.02,301.48,3.13
Ueno,1,JP,1569534350,93,36.07,138.76,292.59,0.93
Port Macquarie,40,AU,1569534250,100,-31.43,152.91,288.15,2.6
Gat,20,SN,1569534351,83,14.69,-16.54,302.15,3.6
Xinzhi,40,TW,1569534351,83,22.54,120.62,298.71,1.0
Cherskiy,99,RU,1569534351,54,68.75,161.3,272.443,1.94
Klaksvik,100,FO,1569534351,87,62.23,-6.59,285.15,12.3
Sola,41,TZ,1569534352,52,-3.17,33.8,295.773,2.79
Zvishavane,19,ZW,1569534352,70,-20.32,30.05,283.623,4.56
Kallaste,0,EE,1569534352,93,58.66,27.16,276.48,1.41
Vardo,20,US,1569534352,37,39.62,-77.74,301.48,5.7
Nabire,100,ID,1569534352,99,-3.36,135.5,294.303,1.15
Emerald,0,AU,1569534353,82,-23.53,148.16,291.15,3.1
Harlingen,20,NL,1569534057,93,53.18,5.41,290.37,7.7
Barahona,40,DO,1569534353,79,18.21,-71.1,303.15,4.1
Salalah,40,OM,1569534353,83,17.01,54.1,300.15,1.5
Naze,75,NG,1569534353,94,5.43,7.07,298.15,2.49
Isangel,75,VU,1569534353,73,-19.55,169.27,296.15,3.1
Dicabisagan,52,PH,1569534354,96,17.08,122.42,295.713,0.9
Estelle,0,FR,1569534354,53,43.97,3.47,296.15,6.2
Laguna,40,BZ,1569534354,63,16.17,-88.94,306.15,3.1
Port Elizabeth,90,US,1569534354,74,39.31,-74.98,301.48,2.6
Hastings,34,NZ,1569534027,63,-39.64,176.84,286.093,7.28
Castro,0,CL,1569534355,39,-42.48,-73.76,291.15,3.1
New Norfolk,75,AU,1569534355,54,-42.78,147.06,288.71,3.6
Vanavara,96,RU,1569534355,79,60.35,102.28,273.583,1.04
Koumac,82,NC,1569534355,75,-20.56,164.28,294.493,2.9
Tevriz,0,RU,1569534355,95,57.51,72.4,273.443,2.5
Denia,0,ES,1569534355,61,38.84,0.11,298.71,7.15
Skibbereen,20,IE,1569534356,87,51.55,-9.27,285.15,5.7
Ponta do Sol,100,BR,1569534356,97,-20.63,-46.0,290.273,1.55
Shenyang,0,CN,1569534356,100,41.8,123.43,286.15,2.0
Lamu,0,CN,1569534356,57,35.77,102.37,279.473,0.63
Cadereyta,40,MX,1569534357,52,25.58,-99.98,306.15,3.6
West Wendover,1,US,1569534357,25,40.74,-114.07,296.15,2.6
Nytva,0,RU,1569534357,88,57.94,55.33,276.15,6.0
Mount Gambier,90,AU,1569534246,87,-37.83,140.78,286.15,4.1
Ngunguru,0,NZ,1569534357,75,-35.62,174.5,287.04,4.92
Clyde River,20,CA,1569534357,93,70.47,-68.59,277.15,4.6
Zatoka,20,PL,1569534358,87,50.04,20.52,287.59,2.6
Pevek,33,RU,1569534358,70,69.7,170.27,273.443,4.16
San-Pedro,61,CI,1569534358,98,4.75,-6.64,295.663,1.34
Norman Wells,75,CA,1569534358,81,65.28,-126.83,278.15,6.2
Valparaiso,1,US,1569534350,37,41.47,-87.06,296.48,2.1
Masalli,75,KR,1569534359,100,34.8,126.66,291.15,2.1
Skagen,82,SE,1569534359,87,58.6,13.44,284.15,2.6
Nouadhibou,0,MR,1569534359,78,20.93,-17.03,295.15,7.7
Arteaga,40,MX,1569534359,42,25.45,-100.85,302.04,4.1
Harper,1,US,1569534360,30,30.3,-99.24,309.26,4.1
Le Port,0,FR,1569534360,82,42.87,1.37,291.48,2.24
Sangar,0,RU,1569534360,92,63.92,127.47,274.563,4.36
Rassvet,0,RU,1569534360,47,49.11,45.47,282.653,2.5
Hobyo,13,SO,1569534361,80,5.35,48.53,298.073,9.91
Khasan,100,RU,1569534361,91,42.43,130.64,285.993,1.02
San Cristobal,81,HN,1569534361,78,14.68,-86.92,299.263,2.49
Winslow,75,GB,1569534361,87,51.94,-0.88,287.59,5.7
Novovoronezh,75,RU,1569534362,50,51.31,39.22,284.15,3.0
Tecpan,40,GT,1569534362,54,14.76,-90.99,299.15,2.1
La Ronge,75,CA,1569534362,46,55.1,-105.3,283.15,5.7
Pochinok,2,RU,1569534362,75,54.4,32.44,277.473,2.17
Saucillo,0,MX,1569534363,34,28.03,-105.29,303.393,3.3
Galle,100,GN,1569534363,96,10.08,-12.83,295.043,0.89
Coolum Beach,6,AU,1569534363,73,-26.53,153.09,294.26,0.45
Presidente Epitacio,0,BR,1569534363,46,-21.76,-52.12,299.033,2.96
Ilulissat,20,GL,1569534364,26,69.22,-51.1,279.15,8.2
Humberto de Campos,0,BR,1569534364,78,-2.6,-43.46,299.163,2.7
Fort Nelson,90,CA,1569534364,93,58.81,-122.69,275.15,5.1
Santiago Tuxtla,32,MX,1569534365,75,18.47,-95.3,302.59,5.36
Igarka,90,RU,1569534365,97,67.47,86.57,273.013,5.04
Angoche,0,MZ,1569534365,75,-16.23,39.91,293.463,3.47
Camacupa,76,AO,1569534365,43,-12.02,17.48,291.643,1.35
Paranaiba,100,BR,1569534365,72,-19.68,-51.19,296.553,1.76
Nova Olinda do Norte,100,BR,1569534365,42,-3.89,-59.1,307.513,0.46
Tessalit,0,ML,1569534366,8,20.2,1.01,306.153,4.58
Xixiang,0,CN,1569534366,78,22.58,113.87,300.37,2.0
Entre Rios,73,BR,1569534366,74,-11.94,-38.08,295.153,3.48
Tuburan,20,PH,1569534366,83,10.73,123.82,300.15,1.5
East London,0,ZA,1569534366,25,-33.02,27.91,292.033,3.07
Bundaberg,75,AU,1569534367,82,-24.87,152.35,293.71,3.1
Kuito,57,AO,1569534367,46,-12.38,16.94,289.933,1.75
Rabo de Peixe,75,PT,1569534367,94,37.8,-25.58,295.15,3.6
Along,18,IN,1569534367,95,28.17,94.8,285.043,1.32
Hibbing,1,US,1569534178,55,47.43,-92.94,290.15,4.1
Alofi,40,NU,1569534367,69,-19.06,-169.92,298.15,6.7
Kampot,75,KH,1569534368,94,10.62,104.18,299.15,2.1
Tiksi,100,RU,1569534368,93,71.64,128.87,274.723,1.16
Bontang,43,ID,1569534368,97,0.12,117.47,295.893,0.25
Artyom,90,RU,1569534368,100,43.36,132.19,286.15,2.0
Nanortalik,0,GL,1569534368,77,60.14,-45.24,279.013,0.36
Port Augusta,1,AU,1569534369,53,-32.49,137.76,288.71,4.1
Mehamn,75,NO,1569534369,100,71.03,27.85,281.15,3.6
Fortuna,20,US,1569534369,68,40.6,-124.16,298.15,7.2
Makokou,37,GA,1569534369,96,0.56,12.85,294.773,1.46
Faanui,76,PF,1569534369,78,-16.48,-151.75,299.663,8.13
Richards Bay,0,ZA,1569534370,66,-28.77,32.06,290.443,6.1
Port-Gentil,75,GA,1569534370,88,-0.72,8.78,299.15,4.1
Sari,75,IR,1569534370,93,36.57,53.06,292.15,1.0
Constitucion,75,MX,1569534370,35,23.99,-104.67,298.15,2.1
Aklavik,75,CA,1569534370,60,68.22,-135.01,277.15,3.1
Havelock,1,US,1569534095,62,34.88,-76.9,303.71,7.7
Lokosovo,86,RU,1569534371,96,61.13,74.84,272.713,5.12
Mirabad,0,IR,1569534371,73,28.27,61.33,289.283,1.2
El Penon,20,MX,1569534371,59,20.26,-97.43,307.15,4.1
Poopo,27,BO,1569534371,37,-18.38,-66.97,286.833,2.39
Margate,75,AU,1569534371,54,-43.03,147.26,288.71,3.6
San Luis,11,AR,1569534372,14,-33.3,-66.34,305.473,4.3
Mount Vernon,90,US,1569534372,51,38.73,-77.1,302.15,3.1
Taketa,75,JP,1569534372,69,32.97,131.38,299.15,3.1
Vestmannaeyjar,99,IS,1569534372,91,63.44,-20.27,283.743,1.57
Zaozhuang,0,CN,1569534372,90,34.86,117.55,289.053,1.05
Batemans Bay,0,AU,1569534373,74,-35.71,150.18,285.37,2.68
Andradina,37,BR,1569534373,51,-20.89,-51.38,298.923,2.11
Flin Flon,75,CA,1569534373,70,54.77,-101.88,280.15,5.1
Pirovskoye,0,RU,1569534373,96,57.63,92.27,271.193,2.26
Saint-Pierre,75,FR,1569534373,82,48.95,4.24,292.15,9.3
Mazyr,54,BY,1569534374,97,52.05,29.27,280.523,1.64
Waddan,0,LY,1569534374,54,29.16,16.14,299.173,6.01
Great Yarmouth,29,GB,1569534374,82,52.61,1.73,288.71,4.6
Borovnica,75,BA,1569534374,100,44.38,18.19,285.15,0.5
Borogontsy,57,RU,1569534374,88,62.67,131.17,276.713,4.9
Kargopol,100,RU,1569534375,97,61.51,38.95,276.863,1.85
Grindavik,75,IS,1569534375,87,63.84,-22.43,288.15,2.1
Carauari,76,BR,1569534375,39,-4.88,-66.9,308.153,0.47
Carnduff,100,CA,1569534375,94,49.17,-101.8,282.04,3.13
Samarai,100,PG,1569534375,94,-10.62,150.67,296.843,2.46
Yinchuan,0,CN,1569534375,52,38.48,106.21,288.683,0.83
Pitimbu,0,BR,1569534376,83,-7.47,-34.81,297.15,3.6
Lebowakgomo,0,ZA,1569534376,37,-24.3,29.54,283.15,2.1
San Jose,40,HN,1569534376,49,14.25,-87.96,306.15,4.6
Jilib,72,SO,1569534376,76,0.49,42.79,298.163,2.6
Chicama,75,PE,1569534376,82,-7.84,-79.15,290.15,6.7
Thaba Nchu,0,ZA,1569534377,34,-29.2,26.83,283.15,1.0
Tondano,20,ID,1569534377,94,1.3,124.91,295.15,1.5
Fairbanks,90,US,1569534093,86,64.84,-147.72,278.15,2.6
Namibe,56,AO,1569534377,87,-15.19,12.15,293.113,3.71
Madang,0,CN,1569534377,74,35.32,102.79,272.303,0.68
Vila Velha,0,BR,1569534296,69,-3.71,-38.6,300.15,5.7
Nelson,2,CA,1569534378,79,49.49,-117.29,288.71,2.79
Motygino,100,RU,1569534378,88,58.18,94.69,273.033,4.07
Qaqortoq,3,GL,1569534378,52,60.72,-46.03,281.15,2.6
Baturaja,93,ID,1569534378,80,-4.12,104.17,295.113,1.27
Bolshoye Selo,27,RU,1569534379,94,57.72,38.93,275.033,2.23
Genhe,63,CN,1569534379,85,50.78,121.52,280.573,1.39
Buraydah,0,SA,1569534384,23,26.33,43.97,302.15,3.1
Micheweni,60,TZ,1569534384,78,-4.97,39.83,299.233,9.18
Hervey Bay,75,AU,1569534384,82,-25.3,152.85,293.71,3.1
Tautira,20,PF,1569534385,66,-17.73,-149.15,302.15,5.1
Svolvaer,0,NO,1569534385,100,68.23,14.57,283.15,3.43
Afikpo,6,NG,1569534385,96,5.88,7.92,296.673,1.68
Khani,40,GE,1569534385,93,41.96,42.96,290.15,2.6
Pirapozinho,20,BR,1569534202,44,-22.27,-51.5,298.15,1.0
Meulaboh,97,ID,1569534386,85,4.14,96.13,299.673,4.21
Quang Ngai,10,VN,1569534386,98,15.12,108.8,292.153,1.24
Lipin Bor,97,RU,1569534386,97,60.26,37.97,276.603,1.85
Auki,100,NG,1569534386,52,12.18,6.51,301.563,2.86
Adre,100,TD,1569534386,64,13.47,22.2,299.013,7.91
Igualada,20,ES,1569534386,88,41.58,1.62,296.48,2.6
Portland,90,US,1569534321,82,43.66,-70.25,292.15,2.6
Oktyabrskiy,0,RU,1569534387,80,55.61,37.97,279.26,1.0
Opuwo,0,NA,1569534387,25,-18.06,13.84,296.593,4.96
Ordzhonikidze,22,UA,1569534387,90,44.96,35.36,282.813,0.58
Kudeyevskiy,40,RU,1569534387,86,54.87,56.75,276.15,3.0
Mirnyy,53,RU,1569534387,89,56.57,36.46,276.473,1.64
Turkan,0,AF,1569534388,32,35.6,68.92,286.433,2.76
Bilma,0,NE,1569534388,12,18.69,12.92,305.973,2.11
Zykovo,77,RU,1569534388,76,55.24,40.35,273.15,0.45
Ancud,0,CL,1569534388,39,-41.87,-73.83,291.15,3.1
Abu Zabad,100,SD,1569534388,79,12.35,29.25,297.943,5.12
Sorland,0,NO,1569534388,100,67.67,12.69,278.15,4.12
San Policarpo,99,PH,1569534389,90,12.18,125.51,297.903,2.42
Mahon,20,IE,1569534389,87,51.89,-8.4,285.37,5.7
Bila Krynytsya,89,UA,1569534389,100,50.64,29.47,284.82,2.0
Sibu,75,MY,1569534389,100,2.29,111.83,297.15,1.0
Victoria,75,BN,1569534296,88,5.28,115.24,300.15,0.5
Anloga,20,GH,1569534389,88,5.79,0.9,299.15,4.6
Hecun,3,CN,1569534390,93,29.94,119.31,288.163,0.96
Coahuayana,87,MX,1569534390,74,18.62,-100.35,302.253,0.85
Inhambane,34,MZ,1569534390,76,-23.87,35.38,289.013,2.64
Port Hedland,0,AU,1569534390,100,-20.31,118.58,291.15,2.6
Kodinar,100,IN,1569534390,88,20.79,70.7,299.003,1.63
Te Anau,100,NZ,1569534390,87,-45.41,167.72,278.873,2.3
Preobrazheniye,49,RU,1569534391,81,42.9,133.91,285.313,0.97
Kysyl-Syr,19,RU,1569534391,92,63.9,122.77,272.543,2.52
Blyth,20,GB,1569534391,87,55.12,-1.5,287.04,3.6
Touros,20,BR,1569534391,73,-5.2,-35.46,298.15,4.1
Atar,0,MR,1569534392,8,20.52,-13.05,310.923,3.84
Kimbe,0,PG,1569534392,89,-5.56,150.15,297.463,0.59
Mount Isa,0,AU,1569534392,33,-20.73,139.49,295.15,4.1
Verkhoyansk,100,RU,1569534392,93,67.55,133.39,273.663,1.81
Comandau,100,RO,1569534392,89,45.77,26.27,285.93,2.38
Coquimbo,75,CL,1569534358,76,-29.95,-71.34,286.15,5.1
Alexandria,0,RO,1569534393,80,43.97,25.33,289.82,0.45
Port Pirie,43,AU,1569534393,53,-33.18,138.01,284.15,4.1
Olinda,98,AU,1569534393,62,-37.84,145.39,288.71,9.8
Saint Anthony,1,US,1569534393,25,43.97,-111.68,294.15,8.7
Dukhovshchina,0,RU,1569534393,79,55.19,32.41,276.343,1.07
Sao Filipe,0,CV,1569534394,83,14.9,-24.5,298.613,7.13
Ponta Delgada,75,PT,1569534394,94,37.73,-25.67,295.15,3.6
Paraiba do Sul,100,BR,1569534394,87,-22.16,-43.29,292.04,0.65
Mitsamiouli,0,KM,1569534394,76,-11.38,43.28,298.283,11.38
Mingaora,9,PK,1569534394,79,34.78,72.36,290.723,1.97
Tabou,98,CI,1569534395,91,4.42,-7.36,297.543,2.19
Shawville,17,CA,1569534395,73,45.61,-76.49,290.37,2.94
Lieksa,99,FI,1569534395,95,63.32,30.02,278.513,1.03
The Valley,20,AI,1569534173,70,18.22,-63.06,304.15,3.1
Shambu,52,ET,1569534395,86,9.57,37.1,287.073,1.25
Oistins,20,BB,1569534395,62,13.07,-59.53,303.15,5.1
Hambantota,100,LK,1569534396,77,6.12,81.12,300.383,2.98
Puerto Escondido,75,MX,1569534396,70,15.86,-97.07,304.15,2.6
Baiquan,0,CN,1569534396,91,47.61,126.08,286.643,5.67
Cheyenne,1,US,1569534362,12,41.14,-104.82,302.15,9.3
Kosh-Agach,9,RU,1569534396,82,49.99,88.66,272.673,0.33
Simi,100,SL,1569534397,97,9.57,-12.35,296.553,2.69
Mayo,75,CA,1569534397,50,63.59,-135.9,281.15,1.0
Svetlogorsk,40,RU,1569534397,77,53.14,59.15,273.15,3.0
Roald,0,NO,1569534397,51,62.58,6.12,288.15,7.7
Tupaciguara,40,BR,1569534220,93,-18.59,-48.7,291.15,1.5
Chara,20,GR,1569534397,88,39.42,22.43,293.15,2.71
Yerbogachen,52,RU,1569534398,82,61.28,108.01,272.473,1.9
Araouane,0,ML,1569534398,10,18.9,-3.53,309.663,2.05
Reitz,0,ZA,1569534295,25,-27.8,28.43,278.633,3.09
Guerrero Negro,29,MX,1569534398,74,27.97,-114.04,293.083,4.28
Kemin,0,KG,1569534399,38,42.79,75.7,286.883,2.13
Shieli,100,KZ,1569534399,30,44.18,66.74,291.713,2.21
Broome,29,GB,1569534399,82,52.47,1.45,288.71,4.6
Dudinka,40,RU,1569534399,96,69.41,86.18,273.15,3.0
Mandalgovi,100,MN,1569534400,25,45.76,106.27,289.223,7.24
Chapais,75,CA,1569534400,81,49.78,-74.86,283.15,6.7
Nanhai,0,CN,1569534400,75,30.13,111.78,293.15,1.13
Copiapo,0,CL,1569534400,59,-27.37,-70.33,289.15,5.1
Felipe Carrillo Puerto,100,MX,1569534401,97,19.58,-88.05,298.743,1.5
Peniche,0,PT,1569534401,72,39.36,-9.38,291.15,7.7
Galesong,20,ID,1569534401,88,-5.32,119.37,294.15,0.5
Lisieux,75,FR,1569534111,93,49.15,0.23,289.15,4.6
Nizhniy Kuranakh,23,RU,1569534401,94,58.84,125.49,277.033,1.05
Sambava,0,MG,1569534401,84,-14.27,50.17,291.713,1.43
Pirgos,20,GR,1569534402,88,35.12,25.72,294.82,3.1
Macheng,1,CN,1569534402,54,31.18,115.03,290.563,0.89
Kaeo,22,NZ,1569534402,93,-35.1,173.78,289.82,4.99
Camacha,20,PT,1569534402,68,33.08,-16.33,295.15,2.6
Martapura,100,ID,1569534402,87,-3.41,114.85,297.533,1.96
Bahia Blanca,37,AR,1569534403,61,-38.72,-62.27,286.213,10.07
Challapata,0,BO,1569534403,47,-18.9,-66.78,285.583,4.17
Kaoma,0,ZM,1569534403,43,-14.8,24.8,291.613,5.34
Asbury Park,90,US,1569534403,30,33.46,-86.74,308.15,2.1
Englewood,75,US,1569534404,12,39.65,-104.99,304.15,2.1
Uruzgan,0,AF,1569534407,24,32.93,66.63,283.153,1.83
Acapulco,40,MX,1569534350,70,16.86,-99.88,304.15,3.6
Sol-Iletsk,0,RU,1569534408,64,51.16,55.0,277.083,2.36
Madimba,75,CM,1569534408,100,4.42,9.93,299.15,1.0
Oktyabrskoye,0,RU,1569534408,74,56.73,85.44,275.93,3.0
Ivybridge,20,GB,1569534409,82,50.39,-3.92,288.71,5.1
Moses Lake,20,US,1569534409,30,47.13,-119.28,300.15,3.1
Pisco,20,PE,1569534409,30,-13.71,-76.2,295.15,5.1
Port Blair,100,IN,1569534138,80,11.67,92.75,300.693,3.9
Cayenne,0,GF,1569534409,70,4.94,-52.33,303.15,4.1
Dingtao,3,CN,1569534410,65,35.07,115.56,291.993,2.53
Lompoc,1,US,1569534410,50,34.64,-120.46,300.15,4.6
Hami,19,CN,1569534410,24,42.84,93.51,294.993,5.51
Kaa-Khem,92,RU,1569534410,76,51.7,94.56,276.473,2.28
Kamariotissa,20,GR,1569534410,94,40.48,25.47,293.15,1.0
Aksarka,76,RU,1569534410,88,66.56,67.8,272.373,1.51
Usinsk,75,RU,1569534411,97,66.0,57.56,274.023,2.77
San Quintin,0,PH,1569534411,88,17.54,120.52,296.263,1.33
Xingyi,0,CN,1569534411,96,24.19,102.82,282.343,1.0
Palencia,5,ES,1569534411,43,42.01,-4.53,292.59,0.45
Issoire,0,FR,1569534411,76,45.54,3.25,287.15,1.0
Nhulunbuy,13,AU,1569534412,94,-12.18,136.78,294.15,5.02
Gualeguaychu,36,AR,1569534195,57,-33.01,-58.51,298.71,4.02
Huarmey,53,PE,1569534412,93,-10.07,-78.15,289.543,5.27
Kenai,1,US,1569534369,53,60.55,-151.26,283.15,2.1
Itarema,0,BR,1569534412,71,-2.92,-39.92,298.713,5.4
Puerto del Rosario,75,ES,1569534412,78,28.5,-13.86,297.15,7.2
Terney,0,RU,1569534412,74,45.05,136.61,280.693,3.3
Batsfjord,75,NO,1569534413,86,70.63,29.72,279.15,1.5
Doha,0,QA,1569534413,70,25.29,51.53,306.15,1.5
Lahad Datu,0,MY,1569534413,95,5.02,118.33,294.633,0.49
Tezu,0,IN,1569534413,83,27.93,96.16,292.673,1.21
Bonthe,100,SL,1569534413,93,7.53,-12.5,297.433,3.37
Flinders,20,AU,1569534414,87,-34.58,150.85,289.82,5.1
Byron Bay,90,AU,1569534165,79,-28.65,153.62,292.15,1.82
Airai,0,TL,1569534414,77,-8.93,125.41,292.853,1.82
Cuxhaven,75,DE,1569534414,93,53.87,8.7,289.26,4.1
Erdenet,62,MN,1569534414,82,49.03,104.04,282.633,1.44
Navahrudak,5,BY,1569534415,90,53.59,25.82,281.543,2.46
Denpasar,40,ID,1569534213,94,-8.65,115.22,298.15,3.1
Axim,22,GH,1569534415,91,4.87,-2.24,298.173,4.62
Cochrane,100,CL,1569534415,65,-47.25,-72.57,282.283,0.65
Kurtamysh,100,RU,1569534415,83,54.91,64.43,275.063,2.91
Jardim,0,BR,1569534415,32,-21.48,-56.15,303.483,3.07
Santa Maria,75,BR,1569534416,94,-16.02,-48.01,293.15,1.5
Fukue,75,JP,1569534416,69,35.03,136.69,297.15,2.6
Okhotsk,100,RU,1569534416,47,59.36,143.24,274.723,3.24
Jutai,24,BR,1569534416,73,-1.71,-47.89,300.583,2.01
Maracas,20,TT,1569534416,59,10.76,-61.44,305.15,3.6
Yumen,0,CN,1569534417,18,40.29,97.04,289.553,1.34
Miranda,53,BR,1569534417,33,-20.24,-56.38,304.703,1.58
Sinnamary,20,GF,1569534417,75,5.38,-52.96,301.443,5.22
Cockburn Town,40,TC,1569534417,70,21.46,-71.14,304.15,1.5
Dezhou,0,CN,1569534418,50,37.45,116.31,289.153,1.09
Srivardhan,100,IN,1569534418,87,18.03,73.02,299.123,5.96
Puerto Colombia,75,CO,1569534418,74,10.99,-74.96,302.15,2.1
Zhezkazgan,100,KZ,1569534418,44,47.8,67.71,290.383,3.05
Saint-Joseph,0,FR,1569534418,93,43.56,6.97,292.59,1.0
Neuquen,100,AR,1569534418,26,-38.95,-68.06,298.063,10.14
Raudeberg,75,NO,1569534419,54,61.99,5.14,288.15,9.8
Ketchikan,40,US,1569534215,58,55.34,-131.65,288.15,5.7
Villanueva de Cordoba,0,ES,1569534419,45,38.32,-4.63,293.15,0.5
Muzaffargarh,0,PK,1569534419,70,30.08,71.19,303.15,4.1
Flic en Flac,40,MU,1569534419,88,-20.27,57.36,296.15,3.1
Mendi,100,ET,1569534420,93,9.8,35.1,290.643,1.75
Waipawa,34,NZ,1569534420,88,-39.94,176.59,284.82,4.02
Khandyga,100,RU,1569534420,94,62.65,135.58,276.013,4.33
